{
    "metadata":{
        "generator":"io_three",
        "vertices":12,
        "faces":10,
        "normals":10,
        "version":3,
        "type":"Geometry"
    },
    "vertices":[-2.85132,-0.0703339,-1.06374,1.74868,-0.0703339,-1.06374,1.74868,-0.0703339,0.448685,-2.85132,-0.0703339,0.448684,-2.85131,0.840831,-1.06374,1.74869,0.840831,-1.06374,1.74868,0.840702,0.448685,-2.85132,0.840702,0.448684,-0.551316,-0.0703339,0.590211,-0.551316,-0.0703338,2.10263,-0.551315,0.840831,0.590211,-0.551316,0.840361,2.10263],
    "faces":[33,8,1,2,9,0,0,0,0,33,10,11,6,5,1,1,1,1,33,8,10,5,1,2,2,2,2,33,1,5,6,2,3,3,3,3,33,9,11,7,3,4,4,4,4,33,4,0,3,7,5,5,5,5,33,2,6,11,9,6,6,6,6,33,0,4,10,8,7,7,7,7,33,4,7,11,10,8,8,8,8,33,0,8,9,3,9,9,9,9],
    "normals":[-5.11232e-10,-1,4.43364e-08,6.83794e-05,1,0.000198193,-0.583827,9.23647e-07,-0.811878,1,-6.54205e-07,8.66994e-07,-0.583828,1.8479e-07,0.811878,-1,1.04673e-06,-6.30517e-07,0.583827,-1.38593e-07,0.811878,0.583827,-9.23647e-07,-0.811878,-6.83793e-05,1,0.000198193,5.11212e-10,-1,4.43364e-08]
}